trade_date,close,rsi,ema12,ema26,dif,dea,macd_hist,bb_upper,bb_middle,bb_lower
2025-06-30,601.5,,,,,,,,,
2025-07-01,563.0,,,,,,,,,
2025-07-02,545.1,,,,,,,,,
2025-07-03,547.3,,,,,,,,,
2025-07-04,547.47,,,,,,,,,
2025-07-07,541.38,,,,,,,,,
2025-07-08,542.77,,,,,,,,,
2025-07-09,535.0,,,,,,,,,
2025-07-10,523.5,,,,,,,,,
2025-07-11,553.98,,,,,,,,,
2025-07-14,565.06,,,,,,,,,
2025-07-15,553.1,,551.5966666666667,,,,,,,
2025-07-16,580.19,,555.995641025641,,,,,,,
2025-07-17,582.4,,560.0578500986193,,,,,,,
2025-07-18,582.62,44.39962031324157,563.5289500834471,,,,,,,
2025-07-21,582.0,44.22444044437171,566.370650070609,,,,,,,
2025-07-22,593.93,48.43996462575181,570.6105500597461,,,,,,,
2025-07-23,595.56,49.00705152858528,574.4489269736313,,,,,,,
2025-07-24,600.23,50.68071128895038,578.415245900765,,,,,,,
2025-07-25,673.3,68.24358111762263,593.0129003775703,,,,,636.1441305585345,570.4694999999999,504.7948694414654
2025-07-28,679.0,69.16600163559548,606.2416849348672,,,,,654.4462484141263,574.3444999999999,494.2427515858735
2025-07-29,710.78,73.74502412876521,622.3245026371953,,,,,681.2075690381167,581.7335,482.25943096188337
2025-07-30,684.7,65.1892851220782,631.9207330007036,,,,,696.1947828868358,588.7135000000001,481.2322171131643
2025-07-31,709.5,68.88595035761722,643.8560048467492,,,,,714.5689792805229,596.8235000000001,479.0780207194773
2025-08-01,689.1,62.962904374636466,650.8166194857108,,,,,725.8855075411642,603.905,481.92449245883574
2025-08-04,689.06,62.951474673744535,656.7002164879091,598.905,57.7952164879091,,,735.1015602513737,611.289,487.4764397486263
2025-08-05,695.0,63.996685111641895,662.5924908743846,606.0231481481482,56.569342726236414,,,743.6416158319503,618.9005,494.15938416804966
2025-08-06,694.34,63.781372807472884,667.4767230475562,612.5651371742113,54.91158587334496,,,749.4922058100448,626.8675,504.24279418995513
2025-08-07,703.0,65.42510434368788,672.9418425787014,619.2640159020474,53.677826676654036,,,753.0469345364118,635.8425,518.6380654635882
2025-08-08,692.8,61.86385141329018,675.9969437204397,624.711125835229,51.28581788521069,,,756.1532805016842,642.7835,529.4137194983158
2025-08-11,707.4,64.81601732521173,680.8281831480643,630.836227625212,49.99195552285232,,,760.7019905089279,649.9005,539.099009491072
2025-08-12,848.88,80.53821954641431,706.6823088175929,646.9876181714926,59.6946906461003,,,796.7751280561972,664.6895000000001,532.6038719438029
2025-08-13,860.0,81.24750626584817,730.2696459225785,662.7663131217524,67.50333280082612,,,829.891381714473,678.68,527.4686182855269
2025-08-14,949.0,85.73010559216497,763.9204696267972,683.9688084460671,79.95166118073007,59.04238108887378,41.81856018371258,882.1627454832903,697.01,511.8572545167096
2025-08-15,923.7,79.88426041557626,788.5019358380591,701.7266744870992,86.77526135095991,64.58895714129102,44.37260841933778,916.0017139020845,714.064,512.1262860979155
2025-08-18,950.0,81.3109243519036,813.3477918629732,720.1172911917585,93.23050067121471,70.31726584727576,45.8264696478779,949.4192476802536,732.4639999999999,515.5087523197462
2025-08-19,933.98,77.69618632947777,831.9065931148234,735.9589733257022,95.94761978912118,75.44333663564484,41.00856630695267,973.5125784994914,749.4665,525.4204215005086
2025-08-20,1013.0,81.95702645084623,859.7671172510045,756.4805308571317,103.28658639387277,81.01198658729044,44.54919961316466,1010.3522969596753,770.3385,530.3247030403246
2025-08-21,1036.0,82.97642137157183,886.8798684431576,777.1856767195665,109.69419172359119,86.7484276145506,45.89152821808119,1045.1793541957281,792.127,539.0746458042718
2025-08-22,1243.2,89.00375614171864,941.6983502211334,811.7052562218207,129.9930939993127,95.39736089150301,69.19146621561936,1134.7191711811497,820.6220000000001,506.52482881885055
2025-08-25,1384.93,91.27845785996823,1009.8878348024975,854.1663483535377,155.7214864489598,107.46218600299437,96.51860089193087,1247.5190705958566,855.9185,464.31792940414346
2025-08-26,1329.0,83.90243312930869,1058.9820140636518,889.3392114384609,169.64280262519094,119.89830932743368,99.48898659551452,1322.80797595839,886.8295,450.85102404161006
2025-08-27,1372.1,84.91411069824123,1107.154011900013,925.0992698504267,182.05474204958637,132.32959587186423,99.45029235544428,1394.7797662474447,921.1995000000001,447.61923375255543
2025-08-28,1587.91,88.73255399968274,1181.1164716077033,974.1963609726174,206.92011063508585,147.24769882450857,119.34482362115455,1509.637648749791,965.1200000000001,420.60235125020927
2025-08-29,1492.49,79.18855512465053,1229.0200913603644,1012.5884823820531,216.43160897831126,161.0844808552691,110.69425624608431,1580.121240754632,1005.2894999999999,430.4577592453677
2025-09-01,1448.39,75.16467493104318,1262.7693080741547,1044.8700762796789,217.89923179447578,172.44743104311047,90.90360150273062,1629.7140982269755,1043.256,456.7979017730247
2025-09-02,1480.0,76.10205095967162,1296.1894145242845,1077.1019224811841,219.08749204310038,181.77544324310847,74.62409759998383,1675.5181979993336,1082.506,489.4938020006666
2025-09-03,1405.0,69.40819734914275,1312.9295045974716,1101.3906689640594,211.5388356334122,187.72812172116923,47.62142782448592,1698.7962624737474,1118.0390000000002,537.2817375262531
2025-09-04,1202.0,55.24419586808834,1295.8634269670913,1108.8432120037587,187.0202149633326,187.58654036960192,-1.1326508125386567,1692.3043953021897,1142.989,593.6736046978104
2025-09-05,1281.46,58.789250389110535,1293.6475151260004,1121.629640744221,172.0178743817794,184.47280717203742,-24.909865580516055,1683.8738686875636,1172.422,660.9701313124365
2025-09-08,1212.78,54.75239593256917,1281.2063589527695,1128.3815192076122,152.8248397451573,178.1432136866614,-50.636747883008184,1662.5625801982314,1197.691,732.8194198017685
2025-09-09,1228.07,55.48523918857257,1273.0315344984972,1135.7658511181596,137.26568338033758,169.96770762539663,-65.4040484901181,1653.1347374003908,1216.6505,780.1662625996091
2025-09-10,1273.0,57.65556752710644,1273.02668303719,1145.9313436279256,127.0953394092644,161.39323398217022,-68.59578914581164,1642.279433895333,1237.3004999999998,832.3215661046664
2025-09-11,1387.0,62.633580239179665,1290.561039493007,1163.788281136968,126.77275835603905,154.469138856944,-55.3927610018099,1646.4317607460828,1259.2005,871.9692392539171
2025-09-12,1488.0,66.40211737403314,1320.9362641863904,1187.803964015711,133.1323001706794,150.20177111969107,-34.13894189802335,1654.4596792741042,1287.4154999999998,920.3713207258954
2025-09-15,1440.0,63.142849651582424,1339.2537620038688,1206.485151866399,132.76861013746975,146.71513892324683,-27.893057571554152,1649.8607493215445,1311.9154999999998,973.9702506784552
2025-09-16,1440.1,63.14690805751681,1354.7685678494277,1223.789955431851,130.97861241757664,143.5678336221128,-25.178442409072318,1631.1000833826636,1337.2215,1043.3429166173366
2025-09-17,1442.0,63.22975348741435,1368.188788180285,1239.953662436899,128.23512574338588,140.50129204636744,-24.53233260596312,1614.9838141228315,1358.6715,1102.3591858771683
2025-09-18,1420.99,61.5812115893097,1376.3120515371643,1253.3637615156472,122.9482900215171,136.99069164139738,-28.08480323976056,1588.080865521467,1377.9209999999998,1167.7611344785325
2025-09-19,1349.24,56.19303833398751,1372.1471205314467,1260.4657051070808,111.68141542436592,131.9288363979911,-40.494841947250336,1584.6908501498474,1383.2230000000002,1181.755149850153
2025-09-22,1398.0,58.8294114424645,1376.1244866035318,1270.6534306547046,105.47105594882714,126.63728030815831,-42.332448718662334,1585.4470225746097,1383.8765,1182.3059774253904
2025-09-23,1350.38,55.327424123446235,1372.1637963568346,1276.55910245806,95.60469389877471,120.4307630262816,-49.65213825501377,1585.565094205056,1384.9455000000003,1184.3259057949444
2025-09-24,1374.0,56.70413170780309,1372.446289225014,1283.776946720426,88.66934250458803,114.07847892194289,-50.81827283470972,1585.6374713106386,1385.0404999999998,1184.443528689361
2025-09-25,1386.69,57.46260108671021,1374.6376293442427,1291.4001358522464,83.23749349199625,107.91028183595357,-49.345576687914644,1552.7534783517294,1374.9795,1197.2055216482704
2025-09-26,1339.0,53.65826719968237,1369.154917137436,1294.926051715043,74.22886542239303,101.17399855324147,-53.890266261696894,1537.2024895047043,1367.305,1197.4075104952958
2025-09-29,1323.5,52.443005045100946,1362.1310837316767,1297.0426404768916,65.08844325478503,93.9568874935502,-57.73688847753033,1527.7278392689793,1361.0605,1194.3931607310208
2025-09-30,1325.0,52.55499217041285,1356.4186093114185,1299.1135559971217,57.305053314296856,86.62652065769953,-58.64293468680535,1511.3247492910086,1353.3105,1195.2962507089915
2025-10-09,1332.79,53.17171892674624,1352.7834386481234,1301.6081074047422,51.17533124338115,79.53628277483585,-56.721903062909405,1506.1168067696083,1349.7,1193.2831932303918
2025-10-10,1247.08,46.07515961319884,1336.5213711637966,1297.5689883377242,38.95238282607238,71.41950278508315,-64.93423991802155,1500.9137605261267,1351.954,1202.9942394738732
2025-10-13,1262.11,47.40089741559101,1325.0734679078278,1294.942396609004,30.131071298823827,63.16181648783129,-66.06149037801492,1502.0023074209485,1350.9865,1199.9706925790515
2025-10-14,1196.0,42.4565769877186,1305.2160113066234,1287.6133301935222,17.602681113101198,54.04998941288527,-72.89461659956814,1504.3775687771388,1350.1475,1195.9174312228613
2025-10-15,1242.0,46.628219579741035,1295.4904711056045,1284.234564994002,11.255906111602371,45.49117275262869,-68.47053328205264,1502.9740983237734,1350.844,1198.7139016762267
2025-10-16,1274.0,49.37757673784149,1292.1842447816653,1283.4764490685204,8.707795713144833,38.13449734473192,-58.85340326317417,1502.9223500403823,1350.894,1198.8656499596177
2025-10-17,1247.68,47.222849745243686,1285.3374378921783,1280.82486024863,4.512577643548184,31.41011340449517,-53.79507152189397,1501.3713736427194,1343.928,1186.4846263572808
2025-10-20,1281.12,50.19648399805706,1284.6886012933815,1280.8467224524352,3.841878840946265,25.89646649178539,-44.10917530167825,1478.4910160344239,1333.584,1188.6769839655763
2025-10-21,1368.96,57.043226703821674,1297.6534318636304,1287.3736319004029,10.27979996322756,22.773133186073824,-24.986666445692528,1467.6292228789546,1330.032,1192.4347771210453
2025-10-22,1429.5,61.02057983106116,1317.9375192692257,1297.9015110188916,20.036008250334135,22.225708198925886,-4.379399897183504,1465.4713194217015,1329.502,1193.5326805782984
2025-10-23,1398.9,58.09273525796221,1330.3932855354988,1305.3828805730477,25.010404962451048,22.78264755163092,4.455514821640257,1457.3513699419395,1327.347,1197.3426300580604
2025-10-24,1525.0,65.44974440559827,1360.3327800684988,1321.6508153454147,38.68196472308409,25.962510985921554,25.438907474325077,1483.717916401493,1332.5475000000001,1181.3770835985072
2025-10-27,1530.68,65.74148605451285,1386.5400446733452,1337.1344586531618,49.405586020183364,30.651125992773917,37.508920054818894,1515.74261638321,1341.6195,1167.4963836167901
2025-10-28,1478.58,60.68012083251286,1400.7000378005228,1347.6119061603351,53.08813164018761,35.13852712225666,35.8992090358619,1528.3225590532788,1345.6484999999998,1162.9744409467207
2025-10-29,1461.0,59.02870203283944,1409.9769550619808,1356.0110242225326,53.96593083944822,38.90400786569498,30.12384594750648,1540.66343150608,1351.1794999999997,1161.6955684939194
2025-10-30,1422.0,55.42501531719554,1411.8266542832143,1360.899096502345,50.92755778086939,41.30871784872986,19.23767986427906,1545.3608179092294,1353.5794999999998,1161.7981820907703
2025-10-31,1375.0,51.35596879147032,1406.1610151627197,1361.9436078725416,44.217407290178016,41.890455737019494,4.6539031063170455,1544.4400674736776,1352.995,1161.5499325263222
2025-11-03,1346.6,49.0143548767625,1396.9977820607628,1360.8070443264276,36.190737734335244,40.75051213648264,-9.119548804294794,1544.7375968155768,1353.375,1162.0124031844232
2025-11-04,1339.6,48.42823374816643,1388.1673540514146,1359.2361521540997,28.93120189731485,38.38665008864909,-18.910896382668483,1545.168215238535,1354.1799999999998,1163.1917847614648
2025-11-05,1348.0,49.2130751998523,1381.9877611204279,1358.4038445871292,23.583916533298634,35.426103377579004,-23.68437368856074,1545.8780316350735,1355.33,1164.7819683649263
2025-11-06,1480.0,59.61415502011717,1397.0665671019003,1367.4109672103048,29.655599891595557,34.272002680382315,-9.232805577573515,1560.4245536655258,1362.6905,1164.956446334474
2025-11-07,1432.5,55.230747994704686,1402.5178644708387,1372.2323770465784,30.285487424260282,33.47469962915791,-6.378424409795258,1564.4620608589262,1371.9615,1179.4609391410736
2025-11-10,1391.5,51.69725053489764,1400.822808398402,1373.6596083764616,27.163200021940384,32.21239970771441,-10.098399371548055,1564.312490192007,1378.431,1192.549509807993
2025-11-11,1330.0,46.854914231847395,1389.9269917217246,1370.4255633115386,19.50142841018601,29.670205448208733,-20.33755407604545,1553.0156830297549,1385.1309999999999,1217.2463169702448
2025-11-12,1365.78,49.80091725015643,1386.2120699183824,1370.0814475106838,16.130622407698638,26.962288840106716,-21.663332864816155,1546.2704679567034,1391.3200000000002,1236.3695320432969
2025-11-13,1384.9,51.35280433928591,1386.0102130078621,1371.179118065448,14.831094942414211,24.53605006056822,-19.409910236308015,1542.2682538150416,1396.865,1251.4617461849584
2025-11-14,1325.01,46.503281117955225,1376.6255648528065,1367.7591833939332,8.86638145887332,21.40211634022924,-25.071469762711843,1533.6363618034775,1400.7315,1267.8266381965227
2025-11-17,1303.1,44.83516455684404,1365.3139394908362,1362.969614253642,2.344325237194198,17.590558119622234,-30.49246576485607,1531.0739557685667,1401.8305,1272.5870442314333
2025-11-18,1326.7,47.03887392126608,1359.373333415323,1360.2829761607798,-0.909642745456722,13.890517946606444,-29.60032138412633,1532.3781054373396,1399.7175000000002,1267.0568945626608
2025-11-19,1332.0,47.545656868676446,1355.1620513514272,1358.187940889611,-3.025889538183719,10.507236449648412,-27.06625197566426,1529.9110242201211,1394.8425000000002,1259.7739757798793
2025-11-20,1322.3,46.66553745169611,1350.1063511435154,1355.529574897788,-5.4232237542726125,7.321144408864207,-25.48873632627364,1529.6992723865596,1391.0125,1252.3257276134404
2025-11-21,1249.0,40.5560677639056,1334.5515278906669,1347.6384952757296,-13.086967385062735,3.239522050078819,-32.65297887028311,1514.7451900594956,1377.2125,1239.6798099405046
2025-11-24,1261.98,42.00404048987257,1323.3866774459489,1341.2934215516016,-17.906744105652706,-0.9897311810674863,-33.83402584917044,1490.8148765275446,1363.7775,1236.7401234724553
2025-11-25,1260.0,41.83662920934622,1313.6348809158028,1335.2716866218532,-21.63680570605038,-5.119146086064065,-33.03531923997264,1476.0505859036125,1352.8485,1229.6464140963876
2025-11-26,1314.66,47.99832309865281,1313.7925915441408,1333.7448950202345,-19.952303476093675,-8.085777564069987,-23.733051824047376,1459.1841415487165,1345.5315,1231.8788584512836
2025-11-27,1317.36,48.28973423293288,1314.341423614273,1332.5311990928099,-18.18977547853683,-10.106577146963357,-16.166396663146948,1448.9119671435144,1340.2995,1231.6870328564858
2025-11-28,1331.0,49.81961666276545,1316.9042815197695,1332.417776937787,-15.513495418017555,-11.187960801174198,-8.651069233686716,1445.5880073810265,1338.0995,1230.6109926189736
2025-12-01,1362.44,53.25274656967302,1323.909776670574,1334.6416453127658,-10.731868642191785,-11.096742369377715,0.7297474543718607,1446.851263111082,1338.8915,1230.9317368889178
2025-12-02,1328.73,49.353879258443165,1324.6513494904857,1334.2037456599683,-9.552396169482563,-10.787873129398685,2.470953919832244,1446.397431761583,1338.348,1230.298568238417
2025-12-03,1332.3,49.77327637436854,1325.828064953488,1334.0627274629335,-8.23466250944557,-10.277231005408064,4.085136991924987,1445.5486390637245,1337.563,1229.5773609362757
2025-12-04,1369.0,53.99123540480283,1332.4699011144896,1336.6506735767903,-4.180772462300638,-9.05793929678658,9.754333668971885,1419.635402637687,1332.0130000000001,1244.3905973623132
2025-12-05,1355.0,52.19067748174684,1335.936070173799,1338.0098829414726,-2.073812767673644,-7.661113990963994,11.1746024465807,1403.6613470127013,1328.1380000000001,1252.614652987299
2025-12-08,1417.8,58.824173183861234,1348.5305209162914,1343.920261982845,4.610258933446403,-5.206839406081915,19.634196679056636,1410.0865245664043,1329.453,1248.8194754335957
2025-12-09,1436.0,60.53323518330463,1361.9873638522465,1350.740983317449,11.246380534797481,-1.916195417906036,26.325151905407033,1427.8110361065126,1334.7530000000002,1241.6949638934877
2025-12-10,1420.88,58.36583416713438,1371.0477694134393,1355.936466034675,15.111303378764205,1.4893043414280125,27.243998074672387,1437.1095816340332,1337.508,1237.9064183659668
2025-12-11,1382.02,53.103215575335064,1372.7358048882948,1357.8685796617362,14.867225226558503,4.164888518454111,21.404673416208784,1436.6990663965198,1337.364,1238.0289336034803
2025-12-12,1344.0,48.49595559185637,1368.3149118285571,1356.8412774645708,11.47363436398632,5.626637687560553,11.693993352851535,1437.5210211412973,1338.3134999999997,1239.1059788587022
2025-12-15,1331.9,47.09553159336614,1362.7126177010869,1354.9937754301582,7.71884227092869,6.04507860423418,3.347527333389019,1437.7028049031028,1339.7535,1241.8041950968973
2025-12-16,1273.92,40.98772396594788,1349.0522149778426,1348.9883105834797,0.06390439436290762,4.848843762259926,-9.569878735794036,1439.0896941356377,1337.1145000000001,1235.1393058643625
2025-12-17,1315.6,46.37204634326723,1343.905720365867,1346.5151023921107,-2.609382026243793,3.357198604559182,-11.93316126160595,1438.6839220073587,1336.2945,1233.9050779926413
2025-12-18,1287.0,43.44296676009874,1335.1509941557335,1342.1065762889914,-6.955582133257849,1.294642456995776,-16.50044918050725,1439.0185098479308,1334.5295,1230.0404901520694
2025-12-19,1268.0,41.5646398381776,1324.8200719779284,1336.6172002675846,-11.797128289656257,-1.3237116923346308,-20.946833194643254,1437.1481725545334,1335.4795,1233.8108274454664
2025-12-22,1284.77,43.87138785630018,1318.6585224428625,1332.7766669144303,-14.118144471567803,-3.8825982481812655,-20.471092446773074,1435.4379279237587,1336.6190000000001,1237.8000720762416
2025-12-23,1336.02,50.32506491771217,1321.3295189901144,1333.0169138096576,-11.687394819543215,-5.443557562453655,-12.487674514179119,1432.7962287604394,1340.42,1248.0437712395608
2025-12-24,1326.2,49.15872316846149,1322.078823760866,1332.5119572311644,-10.433133470298344,-6.441472744022594,-7.9833214525515,1432.8651777548735,1340.997,1249.1288222451267
2025-12-25,1319.41,48.32474625233876,1321.6682354899635,1331.5414418807077,-9.873206390744144,-7.127819473366904,-5.490773834754481,1432.8664778242753,1341.0995,1249.3325221757248
2025-12-26,1303.89,46.38760190702529,1318.9331223376614,1329.4931869265813,-10.560064588919886,-7.814268496477501,-5.4915921848847695,1432.8586502758885,1339.7440000000001,1246.6293497241118
2025-12-29,1358.5,53.45741658381033,1325.0203342857135,1331.6418397468344,-6.6215054611209325,-7.575715889406188,1.90842085657051,1432.485251995618,1339.547,1246.608748004382
2025-12-30,1415.8,59.49325095799218,1338.986436703296,1337.8757775433653,1.1106591599307194,-5.8384408795388065,13.898200078939052,1442.3952173151995,1343.9005000000002,1245.405782684801
2025-12-31,1355.55,51.87535521869395,1341.5346772104813,1339.1849792068197,2.349698003661615,-4.200813102898723,13.101022213120675,1443.5314292755857,1345.0629999999999,1246.594570724414
2026-01-05,1390.0,55.392513659204404,1348.990880716561,1342.9490548211295,6.04182589543143,-2.1522853032326923,16.388222397328242,1446.0174161386324,1346.1129999999998,1246.2085838613673
2026-01-06,1383.1,54.53285278454298,1354.2384375293977,1345.9231989084533,8.315238620944456,-0.05878051839726273,16.74803827868344,1448.6654574272684,1347.518,1246.3705425727317
2026-01-07,1394.88,55.79420444086679,1360.490985601798,1349.5496286189382,10.941356982859816,2.141246981854153,17.600220002011326,1444.7908741248395,1346.3719999999998,1247.9531258751601
2026-01-08,1444.0,60.69116293204383,1373.3385262784445,1356.545952424943,16.792573853501608,5.071512356183645,23.442122994635927,1446.6981946838819,1346.772,1246.845805316118
2026-01-09,1491.0,64.71850380077385,1391.4402914663763,1366.5055115045766,24.934779961799677,9.044165877306853,31.78122816898565,1464.2868606381146,1350.2779999999998,1236.269139361885
2026-01-12,1509.99,66.2242274619966,1409.6787081638568,1377.1339921338672,32.54471602998956,13.744275907843395,37.60088024429233,1489.846807392456,1356.6765,1223.506192607544
2026-01-13,1408.09,53.12293249833289,1409.4342915232635,1379.4270297535807,30.007261769682827,16.99687308021128,26.020777378943095,1494.750516036802,1359.881,1225.011483963198
2026-01-14,1439.12,55.978882881419494,1414.0013235966076,1383.8487312533155,30.1525923432921,19.628016932827446,21.049150820929306,1503.7122192675422,1365.242,1226.7717807324577
2026-01-15,1415.0,53.262494072244145,1414.1549661202064,1386.1562326419587,27.998733478247686,21.302160241911494,13.393146472672385,1505.720870755048,1372.2959999999998,1238.8711292449516
2026-01-16,1424.05,54.161279760774164,1415.67727902479,1388.963178372184,26.71410065260602,22.3845483240504,8.659104657111243,1510.298250078967,1377.7185,1245.138749921033
2026-01-19,1419.66,53.62258962452854,1416.2900053286685,1391.2370170112818,25.052988317386735,22.918236322717668,4.2695039893381335,1511.2658491138864,1384.3515,1257.4371508861136
2026-01-20,1343.04,45.17700279219623,1405.0207737396424,1387.6668676030388,17.353906136603655,21.805370285494867,-8.902928297782424,1505.08527503783,1388.1035,1271.12172496217
2026-01-21,1353.87,46.460593581180206,1397.1514239335436,1385.1633959287396,11.988028004803937,19.841901829356683,-15.707747649105492,1499.8904512009337,1391.5584999999999,1283.226548799066
2026-01-22,1353.0,46.36667635392042,1390.3588971745369,1382.7809221562404,7.577975018296456,17.38911646714464,-19.622282897696365,1499.2408984997269,1392.4074999999998,1285.5741015002727
2026-01-23,1334.99,44.367264314920114,1381.8406053015312,1379.2408538483708,2.5997514531604793,14.431243464347808,-23.66298402237466,1498.6547012509086,1392.847,1287.0392987490914
2026-01-26,1300.0,40.695633056891765,1369.2497429474495,1373.3711609707136,-4.121418023264141,10.720711166825419,-29.68425838017912,1500.6745544449277,1391.8764999999999,1283.078445555072
2026-01-27,1300.89,40.8297644555481,1358.7328594170726,1368.002186083994,-9.269326666921415,6.722703600076052,-31.984060533994935,1501.0165290557263,1391.7265,1282.4364709442737
2026-01-28,1282.78,38.901683342758965,1347.0478041221384,1361.6894315592535,-14.641627437115176,2.4498373926378063,-34.182929659505966,1506.4311881531264,1387.9405,1269.4498118468734
2026-01-29,1252.01,35.807695998396724,1332.4266034879631,1353.5650292215312,-21.138425733568056,-2.267815232603366,-37.74122100192938,1511.3259267755882,1379.751,1248.1760732244118
2026-01-30,1258.89,37.01395373480287,1321.1132798744304,1346.5520640940103,-25.43878421957993,-6.90200902999868,-37.0735503791625,1516.4201850856068,1374.9180000000001,1233.4158149143934
2026-02-02,1242.0,35.262125470216276,1308.942006047595,1338.8074667537132,-29.865460706118256,-11.494699365222596,-36.741522681791324,1520.1344276347775,1367.518,1214.9015723652226
2026-02-03,1128.0,26.23627536347162,1281.1047743479648,1323.1920988460308,-42.08732449806598,-17.613224391791274,-48.948200212549416,1539.3333892936273,1354.7630000000001,1170.192610706373
2026-02-04,1068.0,22.912155597025716,1248.319424448278,1304.2889804129916,-55.96955596471366,-25.284490706375756,-61.370130516675815,1560.0548548520544,1338.419,1116.7831451479458
2026-02-05,1058.33,22.419148131233158,1219.090282225466,1286.0697966786959,-66.97951445322997,-33.6234954557466,-66.71203799496674,1566.3106175563605,1319.1354999999999,1071.9603824436392
2026-02-06,1036.99,21.3284621932619,1191.074854190779,1267.6194413691628,-76.54458717838384,-42.20771380027405,-68.67374675621957,1559.2049056208689,1296.435,1033.665094379131
2026-02-09,1086.8,29.900821144975154,1175.0325689306592,1254.2254086751507,-79.1928397444915,-49.60473898911754,-59.1762015107479,1533.974832389939,1275.2755,1016.576167610061
2026-02-10,1100.9,32.15449487856526,1163.6275583259423,1242.86797099551,-79.2404126695676,-55.531873725207554,-47.4170778887201,1521.7081166421935,1259.916,998.1238833578063
2026-02-11,1078.9,30.506489594527196,1150.5925493527204,1230.7221953662129,-80.12964601349245,-60.45142818286453,-39.35643566125583,1501.4586005914762,1241.905,982.3513994085238
2026-02-12,1112.5,35.9092251445081,1144.7321571446096,1221.9649957094564,-77.23283856484682,-63.80771025926099,-26.850256611171645,1479.3859462483006,1226.78,974.1740537516993
2026-02-13,1120.68,37.1894919233901,1141.031825276208,1214.4624034346818,-73.43057815847374,-65.73228383910354,-15.396588638740383,1451.1063473996865,1211.6115,972.1166526003134
2026-02-24,1071.55,32.934192560837474,1130.342313695253,1203.8762994765573,-73.53398578130418,-67.29262422754367,-12.482723107521025,1420.9494349567788,1194.2060000000001,967.4625650432215
2026-02-25,1082.65,34.75073844514148,1123.0050346652142,1194.896573589405,-71.89153892419085,-68.2124071668731,-7.358263514635496,1402.0783108282847,1181.1865,960.2946891717154
2026-02-26,1168.8,46.79577952317854,1130.050413947489,1192.963494064264,-62.91308011677506,-67.1525417568535,8.478923280156863,1378.1305991227798,1171.933,965.7354008772203
2026-02-27,1178.0,47.9018236023453,1137.427273340183,1191.855087096541,-54.427813756357864,-64.60759615675437,20.35956480079301,1352.0255531600292,1163.183,974.3404468399708
2026-03-02,1191.9,49.60638830966995,1145.8076928263088,1191.8584139782788,-46.05072115197004,-60.896221155797505,29.691000007654935,1328.4180779071296,1156.0285,983.6389220928701
2026-03-03,1133.05,43.166811967542635,1143.8449708530304,1187.5022351650728,-43.657264312042344,-57.44842978704647,27.582330950008256,1307.0531659387182,1147.681,988.308834061282
2026-03-04,1117.08,41.58904882032309,1139.7272830294874,1182.2857733009932,-42.55849027150589,-54.470441883938356,23.823903224864935,1281.8582467877561,1138.4905,995.122753212244
2026-03-05,1168.0,48.10243696697942,1144.0769317941815,1181.22756787129,-37.1506360771084,-51.00648072257236,27.71168929092792,1260.9421255971868,1132.7515,1004.5608744028134
2026-03-06,1154.88,46.65874075118601,1145.7389422873844,1179.2758961771203,-33.53695388973597,-47.51257535600509,27.951242932538236,1244.479348263384,1127.895,1011.3106517366159
2026-03-09,1125.99,43.558602465650466,1142.7006434739405,1175.328792756593,-32.62814928265243,-44.535690141334555,23.81508171736425,1221.170338069874,1121.25,1021.3296619301258
2026-03-10,1147.1,46.36298975312903,1143.3774675548727,1173.2377710709195,-29.86030351604677,-41.60061281627701,23.480618600460474,1200.8349819755576,1116.5049999999999,1032.1750180244421
2026-03-11,1099.0,41.324613897965406,1136.550164854123,1167.738676917518,-31.18851206339491,-39.51819266570059,16.659361204611358,1199.5416490044306,1115.0549999999998,1030.568350995569
2026-03-12,1099.0,41.324613897965406,1130.7732164150273,1162.646923071776,-31.87370665674871,-37.98929546391021,12.231177614323002,1198.684850511547,1116.605,1034.525149488453
2026-03-13,1096.1,41.01296714493258,1125.4388754281,1157.7175213627554,-32.278645934655515,-36.847165558059274,9.137039246807518,1196.7733314446186,1118.4935,1040.2136685553814
2026-03-16,1089.97,40.32077003857638,1119.9821253622383,1152.6991864469958,-32.71706108475746,-36.021144663398914,6.608167157282907,1191.3836354905225,1121.1425,1050.9013645094774
2026-03-17,1079.99,39.16191980350214,1113.8294906911246,1147.3133207842554,-33.48383009313079,-35.51368174934529,4.059703312428994,1191.7680309161922,1120.8020000000001,1049.835969083808
2026-03-18,1066.0,37.53341719576351,1106.4711075078746,1141.2901118372736,-34.81900432939892,-35.374746265356016,1.1114838719141886,1193.5246531387818,1119.057,1044.5893468612182
2026-03-19,1037.02,34.347161084074514,1095.7863217374324,1133.5663998493274,-37.78007811189491,-35.85581263466379,-3.848530954462234,1197.9036508745633,1116.9630000000002,1036.0223491254371
2026-03-20,1025.0,33.09234274006084,1084.896118393212,1125.5244443049328,-40.62832591172082,-36.810315290075195,-7.636021243291253,1202.933345558019,1112.5880000000002,1022.2426544419812
2026-03-23,971.3,28.145254144364102,1067.419792486564,1114.1004113934564,-46.680618906892505,-38.78437601343866,-15.79248578690769,1214.2908888542183,1105.1190000000001,995.947111145782
2026-03-24,1028.5,38.66358834954664,1061.4321321040156,1107.7596401791263,-46.3275080751107,-40.29300242577307,-12.069011298675264,1216.3185488169393,1102.9665,989.6144511830609
2026-03-25,1039.0,40.388626059967564,1057.981034857244,1102.666333499191,-44.685298641947156,-41.17146166900788,-7.027673945878547,1217.2547016206127,1100.784,984.3132983793877
2026-03-26,1024.9,38.81014285005173,1052.8916448792063,1096.9058643511028,-44.01421947189647,-41.7400132295856,-4.5484124846217355,1210.1428213702052,1093.5890000000002,977.035178629795
2026-03-27,1024.0,38.70615824775047,1048.4467764362516,1091.5054299547248,-43.05865351847319,-42.00374128736312,-2.1098244622201463,1199.4280491240686,1085.8890000000001,972.3499508759317
2026-03-30,1009.45,36.981080939894596,1042.447272369136,1085.4272499580786,-42.979977588942575,-42.198988547679015,-1.5619780825271192,1183.9073109498784,1076.7665000000002,969.6256890501219
2026-03-31,983.0,34.01334532061004,1033.3015381584996,1077.8400462574803,-44.53850809898063,-42.66689245793934,-3.7432312820825757,1180.5243621061763,1069.264,958.0036378938235
2026-04-01,1051.4,46.06692173179279,1036.0859169033458,1075.8815243124816,-39.795607409135755,-42.092635448178626,4.5940560780857425,1175.2607397485829,1065.98,956.6992602514172
2026-04-02,998.99,40.032746212965826,1030.3788527643696,1070.1858558448905,-39.80700308052087,-41.63550897464708,3.6570117882524187,1159.8649885608968,1057.5295,955.1940114391033
2026-04-03,1025.7,44.05469730582883,1029.659029262159,1066.8906072637876,-37.23157800162858,-40.75472278004339,7.04628955682962,1143.876086787636,1051.0705000000003,958.2649132123645
2026-04-07,1119.0,55.32591276076108,1043.4037939910577,1070.7505622812848,-27.346768290227146,-38.07313188208014,21.45272718370599,1142.4416925180867,1050.721,959.0003074819134
2026-04-08,1164.0,59.55800608997844,1061.9570564539717,1077.6579280382266,-15.700871584254855,-33.59867982251509,35.795616476520465,1147.0566978506147,1051.566,956.0753021493853
2026-04-09,1198.0,62.4522464400979,1082.8867400764377,1086.5721555909506,-3.685415514512897,-27.616026960914652,47.86122289280351,1169.9137503127706,1056.516,943.1182496872296
2026-04-10,1210.7,63.50292432191263,1102.5503185262164,1095.7668107323618,6.7835077938545965,-20.736120009960803,55.0392556076308,1192.9743891820544,1062.101,931.2276108179458
2026-04-13,1219.62,64.25939713023607,1120.5610387529523,1104.9411210484832,15.619917704469117,-13.46491246707482,58.16966034308787,1215.6083706038112,1068.277,920.945629396189
2026-04-14,1241.98,66.15324016785992,1139.240878944806,1115.0921491189658,24.148729825840064,-5.942184008491844,60.181827668663814,1241.4549488117195,1075.8775,910.3000511882807
2026-04-15,1274.0,68.71017388048585,1159.9730514148357,1126.8631010360796,33.10995037875614,1.8682428689577524,62.48341501959678,1272.3575899556415,1085.578,898.7984100443583
2026-04-16,1307.0,71.13073160147736,1182.5925819663994,1140.206575033407,42.38600693299236,9.971795681764673,64.82842250245537,1307.4724329116161,1097.6280000000002,887.7835670883842
2026-04-17,1334.0,72.97296719923855,1205.8860308946457,1154.561643549451,51.32438734519474,18.242314014450688,66.1641466614881,1343.977309641257,1112.477,880.9766903587431
2026-04-20,1378.2,75.70603825948312,1232.3958722954694,1171.1274477309732,61.26842456449617,26.847536124459786,68.84177688007277,1384.9628001145056,1130.137,875.3111998854943
2026-04-21,1330.0,67.66973225667621,1247.4118919423202,1182.8957849360863,64.51610700623382,34.3812503008146,60.26971341083845,1406.1276853549214,1148.0720000000001,890.0163146450789
2026-04-22,1337.0,68.19771527210625,1261.1946777973478,1194.3109119778576,66.88376581949024,40.88175340454973,52.00402482988102,1427.9214304976344,1163.497,899.0725695023658
2026-04-23,1323.0,65.88041838413618,1270.7031889054483,1203.8434370165348,66.85975188891348,46.07735310142248,41.564797574981995,1444.3466957508078,1177.6970000000001,911.0473042491924
2026-04-24,1352.5,68.32292416879838,1283.2873136892256,1214.8550342745693,68.43227941465625,50.54833836406924,35.767882101174024,1461.4170003067225,1194.077,926.7369996932774
2026-04-27,1356.72,68.66845659620252,1294.5846500447294,1225.3635502542309,69.22109979049856,54.28289064935511,29.876418282286892,1475.040375963971,1210.713,946.385624036029
2026-04-28,1374.5,70.14603240786575,1306.8793192686173,1236.4106946798433,70.46862458877399,57.52003743723889,25.8971743030702,1485.481043191828,1228.9654999999998,972.4499568081717
2026-04-29,1416.63,73.35277670521722,1323.7640393811378,1249.7602728517068,74.003766529431,60.81678325567732,26.373966547507365,1493.2653455635593,1250.647,1008.0286544364405
2026-04-30,1699.96,85.0123340803547,1381.6403410148089,1283.1084007886172,98.53194022619164,68.35981464978019,60.34425115282289,1578.191793591959,1283.075,987.9582064080412
2026-05-06,1825.0,87.59253855370093,1449.8495193202227,1323.2485192487197,126.601000071503,80.00805173412475,93.18589667475649,1674.898937645757,1324.3754999999999,973.8520623542427
2026-05-07,1868.0,88.33618243998185,1514.180362501727,1363.6004807858517,150.57988171587522,94.12241773047485,112.91492797080073,1762.7683015218606,1366.4904999999999,970.2126984781391
2026-05-08,1182.53,43.53826240772032,1463.1572298091535,1350.1878525794923,112.96937722966118,97.89180963031212,30.155135198698105,1758.9146319311385,1369.667,980.4193680688612
2026-05-11,1200.0,44.313365255975384,1422.6715021462066,1339.062826462493,83.60867568371373,95.03518284099246,-22.85301431455747,1757.2108971182813,1371.4669999999999,985.7231028817184
2026-05-12,1277.87,47.756093110451026,1400.394347969867,1334.5300245023084,65.86432346755873,89.20101096630572,-46.673374997493966,1755.5505967652266,1375.4605,995.3704032347733
2026-05-13,1316.88,49.44236999304902,1387.5459867437337,1333.222615279915,54.3233714638186,82.2254830658083,-55.804223203979404,1754.4175566776698,1380.7694999999999,1007.1214433223299
2026-05-14,1260.58,47.08052358721642,1368.0127580139285,1327.841680814736,40.171077199192496,73.81460189248516,-67.28704938658532,1753.345992770798,1382.8174999999999,1012.2890072292018
2026-05-15,1209.0,44.96143011277205,1343.5492567810165,1319.038593346978,24.510663434038634,63.953814200795854,-78.88630153351444,1754.4726006083367,1381.1685,1007.8643993916633
2026-05-18,1216.99,45.37161280749753,1324.0786018916294,1311.4794382842388,12.599163607390665,53.68288408211482,-82.1674409494483,1755.7002314630079,1378.318,1000.9357685369921
2026-05-19,1319.2,50.458059516598226,1323.3280477544556,1312.0513317446655,11.276716009790107,45.20165046764988,-67.84986891571954,1755.8863483410325,1378.9279999999999,1001.9696516589672
2026-05-20,1362.41,52.472776845902885,1329.3406557922317,1315.7816034672828,13.55905232494888,38.87313083910968,-50.628157028321596,1756.8327479188195,1380.3484999999998,1003.8642520811802
2026-05-21,1290.9,48.92665366846092,1323.426708747273,1313.9385217289657,9.488187018307372,32.99614207494922,-47.015910113283695,1754.4850979503906,1375.9834999999998,997.4819020496091
2026-05-22,1286.0,48.683870345082234,1317.668753555385,1311.8690016008943,5.799751954490603,27.5568640508575,-43.51422419273379,1753.836929468804,1373.7835,993.7300705311959
2026-05-25,1406.5,54.64433998485395,1331.3350991622488,1318.8787051860133,12.456393976235404,24.53677003593308,-24.160752119395354,1757.1739846159855,1377.2585,997.3430153840143
2026-05-26,1410.96,54.853358390626376,1343.585083906518,1325.6995418389013,17.885542067616825,23.20652444226983,-10.641964749306013,1760.9937735324056,1381.6564999999998,1002.319226467594
2026-05-27,1340.0,50.83902288894455,1343.0335325362846,1326.7588350360197,16.274697500264892,21.820159053868842,-11.0909231072079,1760.599988011056,1381.0314999999998,1001.4630119889437
2026-05-28,1391.5,53.49884440645114,1350.489912146087,1331.5544768852035,18.935435260883423,21.24321429527176,-4.6155580687766715,1762.1961827087478,1382.7705,1003.3448172912524
2026-05-29,1310.0,48.982300559475,1344.2606948928428,1329.9578489677808,14.302845925062002,19.85514062122981,-11.104589392335619,1760.2917082529507,1379.5455,998.7992917470492
2026-06-01,1238.0,45.340565609451524,1327.9128956785594,1323.146156451649,4.766739226910431,16.837460342365937,-24.14144223091101,1755.8159756127936,1370.614,985.4120243872064
2026-06-02,1300.0,48.866077172095665,1323.618604035704,1321.4316263441194,2.186977691584616,13.907363812209674,-23.440772241250116,1705.6996406482267,1350.616,995.5323593517732
2026-06-03,1378.1,52.98023973759505,1332.0003572609803,1325.6292836519624,6.3710736090179125,12.400105771571322,-12.05806432510682,1609.7496562352449,1328.2710000000002,1046.7923437647555
2026-06-04,1358.9,51.87522714767266,1336.1387638362141,1328.0937811592244,8.044982676989775,11.529081152655014,-6.9681969513304765,1439.0678045972193,1302.816,1166.5641954027808
2026-06-05,1299.2,48.48872134090117,1330.4558770921813,1325.953501073356,4.502376018825316,10.123740125889075,-11.242728214127517,1433.2982308358928,1308.6495,1184.0007691641072
2026-06-08,1250.36,45.851587353206256,1318.133434462615,1320.3539824753295,-2.2205480127145165,7.654882498168357,-19.750861021765747,1428.7707958509193,1311.1675,1193.5642041490808
2026-06-09,1270.01,47.09820551851347,1310.7298291606742,1316.624798588268,-5.894969427593878,4.94491211301591,-21.679763081219576,1428.871750852841,1310.7745,1192.677249147159
2026-06-10,1231.0,44.88875945798154,1298.4637015974936,1310.2822209150631,-11.818519317569553,1.5922258268988174,-26.82149028893674,1429.519297373019,1306.4805000000001,1183.4417026269812
2026-06-11,1219.5,44.23003632900348,1286.3154398132638,1303.5576119583918,-17.242172145128052,-2.1746537675065563,-30.135036755242993,1431.7584295816994,1304.4265,1177.0945704183007
2026-06-12,1240.0,45.758098139175445,1279.1899875343001,1298.8496407022149,-19.659653167914712,-5.671653647588188,-27.97599904065305,1429.3163625384302,1305.9765,1182.6366374615698
2026-06-15,1335.0,52.28292248822892,1287.776143298254,1301.5274450946433,-13.75130179638927,-7.287583277348404,-12.927437038081733,1428.7453505659203,1311.877,1195.0086494340796
2026-06-16,1306.99,50.35943676461429,1290.7321212523686,1301.9320787913364,-11.199957538967737,-8.070058129672272,-6.25979881859093,1428.1030174549417,1311.2665000000002,1194.4299825450587
2026-06-17,1320.0,51.256442470457216,1295.2348718289272,1303.2704433253116,-8.035571496384364,-8.063160803014691,0.05517861326065443,1423.7099952864726,1309.1460000000002,1194.5820047135278
2026-06-18,1507.46,61.93092496795248,1327.8848915475537,1318.395595671585,9.489295875968764,-4.552669467218,28.083930686373527,1462.9950889903962,1319.974,1176.9529110096037
2026-06-22,1456.99,58.23339988622937,1347.747215924853,1328.6618478440603,19.085368080792705,0.17493804238414112,37.82086007681713,1482.4276468284688,1328.5235,1174.6193531715312
2026-06-23,1413.0,55.14310367714982,1357.786105782568,1334.90911837413,22.876987408438026,4.715347915594918,36.323278985686215,1483.4358630378592,1328.8485,1174.2611369621409
2026-06-24,1453.0,57.3589836037867,1372.4343972006345,1343.6565910871573,28.777806113477254,9.527839555171386,38.499933116611736,1490.9937394667106,1330.9505000000001,1170.9072605332897
2026-06-25,1505.0,60.11721391585714,1392.829105323614,1355.607954710331,37.221150613283044,15.066501766793719,44.309297692978646,1516.3553912646753,1339.2005000000001,1162.045608735325
2026-06-26,1458.0,56.55628695457245,1402.8553968122887,1363.1925506577138,39.662846154574936,19.985770644349962,39.35415102044995,1525.8701200437824,1342.5255000000002,1159.180879956218
2026-06-29,1482.0,57.92675311515432,1415.0314896103982,1371.993102460846,43.038387149552136,24.5962939453904,36.88418640832347,1543.4753253157483,1351.1255,1158.775674684252
